temperature,flame,gas,label
96.83116548607647,1,959.822672864087,Fire + Gas Leakage
28.329897748073584,0,82.20165337209474,Normal
20.25249518286411,0,778.6870796289035,Gas Leakage
91.04684842127607,1,298.67460999849334,Fire
24.530119080994524,0,720.1787482788662,Gas Leakage
23.706998274720195,0,672.5719355711884,Gas Leakage
61.69087841473106,1,167.64950616059255,Fire
76.00530202160624,1,693.3646434746307,Fire + Gas Leakage
37.87309003721705,0,161.58949059172403,Normal
32.900368064532294,0,959.0686270657561,Gas Leakage
39.481808187367825,0,161.47192915484698,Normal
26.83375511574115,0,829.3283549917735,Gas Leakage
48.78112349492308,0,951.0612845226832,Gas Leakage
70.56567581136306,1,189.7593257197168,Fire
28.54081358243273,0,55.97058236039977,Normal
25.209885171949363,0,116.27377236299772,Normal
68.09987375395043,1,51.93636015679881,Fire
37.16099788693434,0,280.4570201965564,Normal
79.32160664563415,1,819.3248055430491,Fire + Gas Leakage
67.29329003522177,1,694.9171012567193,Fire + Gas Leakage
94.59976512236237,1,215.25533171420406,Fire
91.78258944271408,1,634.8949313878333,Fire + Gas Leakage
67.08899902548144,1,839.1815239951444,Fire + Gas Leakage
40.215866632036665,0,952.7405140246342,Gas Leakage
72.98708946813622,1,612.6788557994419,Fire + Gas Leakage
21.563713881842403,0,131.72232927125498,Normal
28.525045849746416,0,937.2891107400638,Gas Leakage
61.12315946852987,1,161.9564257194125,Fire
62.49797323500434,1,265.55866593494716,Fire
21.98558760685629,0,272.34175274364685,Normal
89.46420217636077,1,299.9894936122852,Fire
97.71955142054722,1,77.75122188122026,Fire
64.6991934172239,1,352.9801645755924,Fire
78.1619092126153,1,212.610756318977,Fire
43.2256045046699,0,710.0376602677597,Gas Leakage
39.963317753608564,0,284.29931437062726,Normal
82.1599801703227,1,861.6434473136582,Fire + Gas Leakage
25.679810107268075,0,946.1272616898913,Gas Leakage
37.57339419052208,0,827.8445776119668,Gas Leakage
30.766123011385957,0,91.54581381443893,Normal
37.53755420134601,0,92.4461557209512,Normal
65.405797218584,1,977.5330129912945,Fire + Gas Leakage
20.782520868683598,0,219.91606419552883,Normal
61.9239235834439,1,207.7756761009227,Fire
62.470913391228905,1,877.0692492725177,Fire + Gas Leakage
95.01152916448333,1,394.05661993154894,Fire
87.81595190912466,1,115.22853378592417,Fire
81.07941478584203,1,341.14799168821764,Fire
27.349348960666795,0,266.16055014652966,Normal
72.99815847768888,1,714.0157958387003,Fire + Gas Leakage
97.6840467869978,1,629.0577751524927,Fire + Gas Leakage
38.231039694666194,0,61.82016793211241,Normal
44.83183249716258,0,853.1414446195936,Gas Leakage
27.94598124035886,0,235.82145947205095,Normal
69.96021505169132,1,363.7392430147601,Fire
97.27146268590823,1,665.1100119961338,Fire + Gas Leakage
30.128952332548742,0,915.0242367521478,Gas Leakage
91.07329727475803,1,855.4215044737668,Fire + Gas Leakage
35.33258116882874,0,628.1586649638494,Gas Leakage
37.25634076931926,0,123.40956925759944,Normal
26.423386807359446,0,885.7649373141807,Gas Leakage
66.34846426252449,1,157.6443447164413,Fire
82.62596255897331,1,896.2863163755075,Fire + Gas Leakage
27.62429200517504,0,725.6421714427819,Gas Leakage
79.00756959841397,1,605.5712467036857,Fire + Gas Leakage
84.24645690178764,1,920.977726783447,Fire + Gas Leakage
98.0694625692446,1,210.87714081501025,Fire
69.85970995802909,1,657.3963948642479,Fire + Gas Leakage
39.21695103863287,0,170.4591938915528,Normal
26.831075470521416,0,648.3356756698496,Gas Leakage
35.82008213897611,0,879.3140867117161,Gas Leakage
20.6902914419913,0,111.28171081528956,Normal
45.34114804054768,0,994.798171014078,Gas Leakage
46.31294762068328,0,857.01534964928,Gas Leakage
79.803310351421,1,94.13524715116392,Fire
32.04312555910269,0,193.29824178110562,Normal
98.18704384614924,1,672.7033782628196,Fire + Gas Leakage
99.47978059744668,1,105.61772032983231,Fire
26.951253691362485,0,184.56927125818356,Normal
66.26759551055639,1,872.9121207723822,Fire + Gas Leakage
33.105049052946434,0,99.2877751287093,Normal
76.47069577631702,1,183.29856319670034,Fire
29.128082574805966,0,875.6690828345199,Gas Leakage
78.34265991026014,1,944.8893124148699,Fire + Gas Leakage
95.00177647460723,1,710.8039638600143,Fire + Gas Leakage
30.53482041024889,0,908.7260072932588,Gas Leakage
90.14151512088154,1,675.6175150457309,Fire + Gas Leakage
34.92506497241472,0,234.76401094336327,Normal
39.47984529033438,0,148.62287889996998,Normal
76.99160400591398,1,729.3277399877138,Fire + Gas Leakage
90.2479239665884,1,609.9201845949334,Fire + Gas Leakage
69.26281906196066,1,826.8397839307621,Fire + Gas Leakage
30.665923981447648,0,115.01396858558323,Normal
39.22796388534056,0,66.80729270677708,Normal
63.34948392161264,1,720.8666245194331,Fire + Gas Leakage
84.44182751646193,1,885.2806653994259,Fire + Gas Leakage
75.80806558632915,1,120.14509548592312,Fire
44.894213963496185,0,665.2607013675105,Gas Leakage
90.55635906750761,1,626.0811131093468,Fire + Gas Leakage
63.916254574272656,1,667.930307879034,Fire + Gas Leakage
78.70813628367463,1,291.51598919487725,Fire
60.62034140339999,1,143.43453696909074,Fire
30.961252415880274,0,125.55180869790651,Normal
42.54582166596482,0,662.4052336748279,Gas Leakage
38.42457984768515,0,58.52881166084063,Normal
76.04876390346556,1,317.57081249523986,Fire
95.21485916125386,1,67.31558187558362,Fire
25.820857561669612,0,237.52307591231002,Normal
81.29695616104418,1,71.33557117381994,Fire
80.04006446515828,1,84.6323738736591,Fire
83.58503004564284,1,174.82544715439832,Fire
43.547774915737115,0,806.177727632007,Gas Leakage
40.33017017145537,0,987.024092260195,Gas Leakage
73.882308732586,1,657.6538039130314,Fire + Gas Leakage
70.54007533495138,1,197.10909237269897,Fire
29.701715534128766,0,273.2988803399768,Normal
30.577352395952992,0,694.7872794143826,Gas Leakage
89.79501079053288,1,326.3150865899247,Fire
39.16806853469295,0,290.99848308472576,Normal
93.08922550888514,1,890.2840429386163,Fire + Gas Leakage
93.77035940499826,1,723.4934574608486,Fire + Gas Leakage
36.55267459194127,0,743.8365435705638,Gas Leakage
45.14390262589484,0,817.2773292763666,Gas Leakage
27.014681914782678,0,208.7871427589883,Normal
22.589222976863223,0,88.02396436948911,Normal
84.25926256194295,1,747.2517951585405,Fire + Gas Leakage
23.48236364496283,0,184.06515845520627,Normal
86.32754004540615,1,225.50464273491417,Fire
21.569881305856363,0,685.3866292604448,Gas Leakage
36.03263401339036,0,52.18344091753394,Normal
64.11201703314003,1,887.7711858988805,Fire + Gas Leakage
84.10227737862157,1,699.3961902306263,Fire + Gas Leakage
73.40162320708878,1,281.93632976532143,Fire
99.80179722946579,1,361.7411940140174,Fire
62.83913112799239,1,282.0661034763518,Fire
40.154295780283896,0,670.4571378618446,Gas Leakage
78.24092488479398,1,959.3982921106101,Fire + Gas Leakage
76.80715655641797,1,948.8158676858072,Fire + Gas Leakage
84.31241206905395,1,952.7249687389233,Fire + Gas Leakage
78.83700995317963,1,681.6566905825932,Fire + Gas Leakage
48.44073300024316,0,968.6062526115293,Gas Leakage
35.03090827540288,0,108.52622125605583,Normal
97.95616470962685,1,674.7832751796652,Fire + Gas Leakage
66.28037002690786,1,153.49345691346724,Fire
97.93959932419338,1,993.0380008168114,Fire + Gas Leakage
70.23458823356046,1,143.56776331577584,Fire
90.12249724749196,1,388.02620370133087,Fire
46.03035638962396,0,792.352186452745,Gas Leakage
31.046999342757587,0,254.56822836929638,Normal
29.46679907756791,0,225.29371132354643,Normal
92.70297159578902,1,921.2827978665567,Fire + Gas Leakage
80.6809142862896,1,107.25971223829093,Fire
75.27956663041144,1,392.11587812619246,Fire
33.556052821574674,0,780.1714353219608,Gas Leakage
30.24534573636013,0,94.99344341064526,Normal
34.98733648585005,0,296.223133862901,Normal
67.9311666569253,1,398.3549836189271,Fire
73.41770910190422,1,620.2624624340364,Fire + Gas Leakage
86.84723609896466,1,293.20501829706575,Fire
60.311652175902545,1,851.7115281317879,Fire + Gas Leakage
78.16698171888484,1,256.85737217091787,Fire
86.76864103150179,1,315.3995186589622,Fire
37.29209594853809,0,176.96085541604486,Normal
34.67427796632796,0,691.6917819724506,Gas Leakage
96.50368287002334,1,864.8242527001833,Fire + Gas Leakage
27.279198234657812,0,745.2917782941979,Gas Leakage
64.15598596372432,1,669.3877495828426,Fire + Gas Leakage
30.706420873294473,0,983.6268707787012,Gas Leakage
38.22548322901325,0,251.3066300053771,Normal
90.41076054474271,1,702.806244831734,Fire + Gas Leakage
37.26331344304689,0,659.2357267226629,Gas Leakage
95.33996004940613,1,240.78355864363928,Fire
67.07252653306523,1,871.728903328019,Fire + Gas Leakage
72.06112425047453,1,630.0398926111789,Fire + Gas Leakage
35.93201724599241,0,183.30768247840786,Normal
33.02564917853951,0,835.6159450753973,Gas Leakage
94.42672883603072,1,87.99338112417945,Fire
20.82398986479928,0,752.3896582132945,Gas Leakage
69.76350652474692,1,164.84574985481032,Fire
87.36897461236042,1,604.280956088342,Fire + Gas Leakage
21.046052953176545,0,935.1061551056932,Gas Leakage
72.92495052559562,1,323.2889041833182,Fire
98.0821950699492,1,944.2437672103235,Fire + Gas Leakage
48.69432329000174,0,817.3727746220894,Gas Leakage
96.30893617032982,1,327.1998542380953,Fire
69.47779639071001,1,267.17222112757133,Fire
68.44890790044738,1,903.3240059284844,Fire + Gas Leakage
69.08162070221033,1,605.8632634589285,Fire + Gas Leakage
21.745049061568295,0,871.0919974080666,Gas Leakage
38.07212256859462,0,955.1272518527354,Gas Leakage
74.18464155281886,1,57.37927465068307,Fire
39.181199443896816,0,168.23212130981616,Normal
38.468474591884274,0,874.0332464513551,Gas Leakage
33.630743391103664,0,205.02579374727395,Normal
26.601047190230553,0,292.93058870349375,Normal
25.810294467024345,0,149.06961227642353,Normal
26.36791303507224,0,647.1151867991832,Gas Leakage
83.78118219040411,1,173.42490667371257,Fire
63.15898828828412,1,215.86045669760483,Fire
88.96579591412478,1,672.4278775990362,Fire + Gas Leakage
93.87107162455743,1,904.7141945737401,Fire + Gas Leakage
93.23061813547908,1,293.96698496846756,Fire
28.810671240366826,0,242.08089282918604,Normal
90.4566592595636,1,162.65904039125866,Fire
24.444586688271812,0,123.02718907398129,Normal
39.91977111566396,0,177.346415634891,Normal
21.23213181517478,0,918.6952079088411,Gas Leakage
35.05895848924334,0,600.2236431940635,Gas Leakage
46.163830531300775,0,606.1761169834491,Gas Leakage
36.24488301576258,0,87.63573997530531,Normal
80.66236699247143,1,990.2549055427276,Fire + Gas Leakage
31.504706836681216,0,171.26341012385734,Normal
31.46426599286481,0,189.29247323437485,Normal
26.009680435544404,0,171.10097771659036,Normal
79.1819641696543,1,166.6322117265678,Fire
91.64383019898807,1,981.7939389402868,Fire + Gas Leakage
26.829534755265655,0,861.9132887836163,Gas Leakage
24.172722180436637,0,180.60386860856545,Normal
39.93817978039394,0,124.3811971693338,Normal
29.357154731060405,0,609.80130719034,Gas Leakage
99.41850362424753,1,75.43962961115727,Fire
39.08594265191401,0,154.33561437677008,Normal
81.76846211276703,1,389.4545380944712,Fire
22.691783234587565,0,947.9883857209246,Gas Leakage
85.34636196630203,1,857.0043929657305,Fire + Gas Leakage
96.75508374222781,1,642.5122021242369,Fire + Gas Leakage
33.228431046255835,0,291.4861975252908,Normal
32.97421360241509,0,131.14526364240976,Normal
66.14134291397336,1,684.6885831825089,Fire + Gas Leakage
23.605643653473688,0,243.70183467470338,Normal
87.56960404418737,1,900.0774101441805,Fire + Gas Leakage
24.05638305698686,0,107.23880960021671,Normal
84.55185980565922,1,897.2673801294965,Fire + Gas Leakage
34.64860606931289,0,781.8028173190064,Gas Leakage
71.6030075010324,1,839.5341102168625,Fire + Gas Leakage
34.00940961577468,0,103.68093467258397,Normal
28.186993029624688,0,630.5936173200305,Gas Leakage
65.24866633576212,1,370.37532175573455,Fire
35.01811518363059,0,884.8163460710605,Gas Leakage
64.79485163996564,1,360.796891915591,Fire
78.80690721422059,1,97.60852033255236,Fire
67.27647361904435,1,790.0827801666321,Fire + Gas Leakage
93.30452488378447,1,188.32784636268616,Fire
88.35002412698996,1,208.2594297808711,Fire
49.399860484551674,0,659.8780470810821,Gas Leakage
39.86369293078837,0,266.98184054751465,Normal
90.39893181346532,1,158.65223358851358,Fire
94.6541688660379,1,843.417740880945,Fire + Gas Leakage
70.62835841515513,1,250.13008609141713,Fire
40.40353224839794,0,767.4583061473154,Gas Leakage
46.99353235116602,0,803.7673468110336,Gas Leakage
24.61662368505358,0,181.27138164436366,Normal
28.255495844981965,0,737.6316121603273,Gas Leakage
39.86880858445312,0,248.29992144284253,Normal
23.94269734284456,0,705.1405438063398,Gas Leakage
39.64972221843804,0,630.2844136277882,Gas Leakage
95.70667927572501,1,192.42941991764943,Fire
91.7470376912093,1,312.8205923927871,Fire
75.15183066877803,1,876.3113217926523,Fire + Gas Leakage
47.1912191385271,0,644.7028894151011,Gas Leakage
38.23852454738106,0,68.4407393654164,Normal
87.38810638775416,1,732.4108198239938,Fire + Gas Leakage
38.4202526177863,0,299.05801832829104,Normal
88.49230149899557,1,614.3165663324518,Fire + Gas Leakage
41.6303563145592,0,933.878294976206,Gas Leakage
96.168808574416,1,761.7169993513659,Fire + Gas Leakage
27.094738264466606,0,240.42116568323925,Normal
36.79272634877935,0,63.92613631654502,Normal
28.000954067936924,0,96.81503545483042,Normal
30.03799600312881,0,985.9879774319728,Gas Leakage
20.368765138730225,0,884.1880118392555,Gas Leakage
79.59848525995082,1,715.4585478387834,Fire + Gas Leakage
37.84351958702083,0,227.33550747721208,Normal
70.88684375869659,1,713.0396691796306,Fire + Gas Leakage
66.83782529968221,1,799.9230191062992,Fire + Gas Leakage
91.7514391302168,1,600.7495857594587,Fire + Gas Leakage
97.73939197473406,1,254.62257644210317,Fire
39.93710483126799,0,139.34756397666473,Normal
37.18455360680095,0,731.227883283379,Gas Leakage
32.366412479705446,0,277.86497893770706,Normal
81.70372991290384,1,794.7366952223417,Fire + Gas Leakage
30.84096718785459,0,697.5320978418977,Gas Leakage
98.16616486118706,1,194.6910803938841,Fire
23.376818266896205,0,681.2274353315607,Gas Leakage
37.66671870664134,0,787.1989514536444,Gas Leakage
23.378888934541916,0,177.95432584854515,Normal
29.673872715280577,0,254.8982267919768,Normal
63.07378784665928,1,717.9278106051948,Fire + Gas Leakage
23.65370532043706,0,73.26182357174616,Normal
35.76871273059801,0,131.16917977518048,Normal
26.546208715116663,0,893.803797108478,Gas Leakage
82.82972026355343,1,930.2686559899961,Fire + Gas Leakage
38.72416609768376,0,942.4195784882518,Gas Leakage
72.52958994769568,1,825.0024949947889,Fire + Gas Leakage
94.15461555595198,1,62.4957471522489,Fire
30.438586166314188,0,225.04275549550442,Normal
38.61031472790718,0,98.52777728934029,Normal
64.55955437000331,1,651.9578601620531,Fire + Gas Leakage
75.89336863318856,1,687.5384512481164,Fire + Gas Leakage
26.902724857499663,0,102.4139024738583,Normal
97.21072420193026,1,107.78745315666096,Fire
33.03816516434114,0,270.79582195732934,Normal
72.09571041749814,1,719.8845864580688,Fire + Gas Leakage
21.32797983912112,0,817.1394842388459,Gas Leakage
68.06978740454772,1,181.554083287248,Fire
92.77803702242608,1,863.7088902357946,Fire + Gas Leakage
34.447580973420585,0,810.3520300877941,Gas Leakage
35.502521277955715,0,803.4290318550975,Gas Leakage
86.67253872194527,1,281.24146133640465,Fire
27.125436788884294,0,190.79253144476178,Normal
33.51679422500847,0,962.0636232783527,Gas Leakage
99.91851981202618,1,622.8016972401979,Fire + Gas Leakage
27.766640737699106,0,735.3600632690267,Gas Leakage
85.34211280548698,1,131.9479145329318,Fire
43.320305468807284,0,651.3504611114786,Gas Leakage
82.2698837893077,1,134.8061723580685,Fire
62.44791218963775,1,731.6213644293261,Fire + Gas Leakage
61.366719208152126,1,990.3016881185351,Fire + Gas Leakage
65.0597503176826,1,708.7213600607341,Fire + Gas Leakage
89.56621519225529,1,699.4978634164538,Fire + Gas Leakage
36.726081397988594,0,274.55602634372025,Normal
60.299509526375076,1,978.0280348705141,Fire + Gas Leakage
39.44228134608318,0,297.1941324635356,Normal
39.5369464411515,0,248.57094324543309,Normal
88.3004648931298,1,382.4357459253437,Fire
83.86989315098668,1,136.96988420617072,Fire
72.98594370188303,1,648.5935509139274,Fire + Gas Leakage
79.75194331238036,1,367.1387978987523,Fire
86.57442523745507,1,641.4413469696027,Fire + Gas Leakage
70.23342521629357,1,113.66379377210957,Fire
29.43658979557864,0,88.94811104485262,Normal
82.25125731338667,1,368.6064864499694,Fire
86.19255315673477,1,639.0332928238722,Fire + Gas Leakage
77.75465879558823,1,241.06678675296453,Fire
25.206529422581813,0,213.6855813870082,Normal
86.18451004119643,1,600.9803593845346,Fire + Gas Leakage
38.496718345488034,0,87.73489856307361,Normal
20.1124162227783,0,187.87939724608654,Normal
25.116926941690522,0,985.2650919232041,Gas Leakage
83.01484963674137,1,811.2320944420319,Fire + Gas Leakage
27.95594175637243,0,749.4791107503526,Gas Leakage
25.146481288889085,0,193.59900547258306,Normal
82.90018052332188,1,722.0058994089477,Fire + Gas Leakage
75.26803658422756,1,295.4593466697245,Fire
86.8857392431695,1,354.461753717372,Fire
95.98230822222094,1,849.9238974723067,Fire + Gas Leakage
27.0603568358025,0,65.41683266612095,Normal
67.06359631256208,1,946.090566288861,Fire + Gas Leakage
92.88193243784958,1,934.8650071034908,Fire + Gas Leakage
80.54695432037185,1,338.3293870634074,Fire
23.17713816216899,0,189.7097354131529,Normal
30.587935260392193,0,160.8210466654599,Normal
48.59753186839868,0,677.4898389066813,Gas Leakage
93.13881337406416,1,864.7531171373679,Fire + Gas Leakage
37.72732727439247,0,63.855045209040405,Normal
90.64326968689791,1,88.2419180534165,Fire
67.10988160793536,1,851.6756743036971,Fire + Gas Leakage
77.75871141557172,1,809.8025246671341,Fire + Gas Leakage
26.650585070170024,0,885.1804534817628,Gas Leakage
39.74883166162471,0,902.9237303159032,Gas Leakage
39.99566447240484,0,175.53206705991062,Normal
36.58188842529946,0,166.0708529348775,Normal
95.915071560716,1,293.77527138256954,Fire
25.451377962113156,0,143.40578425933666,Normal
71.85210708841441,1,382.11071495761007,Fire
33.856518937555286,0,198.66141641614405,Normal
80.24611918275116,1,850.8336673061203,Fire + Gas Leakage
35.66029625532344,0,291.70427556295175,Normal
37.09265422163979,0,726.954624557782,Gas Leakage
21.00389042265535,0,84.73819956745719,Normal
91.19582873744767,1,856.6813103608483,Fire + Gas Leakage
89.58179357547243,1,623.13318468795,Fire + Gas Leakage
27.628446977511487,0,113.72119810393842,Normal
70.66045331145177,1,904.9980457594327,Fire + Gas Leakage
61.62510335514131,1,684.5644233931969,Fire + Gas Leakage
62.38141880482996,1,841.5832810445557,Fire + Gas Leakage
33.119142821286964,0,140.47110252921516,Normal
96.19902060807769,1,766.4636310682672,Fire + Gas Leakage
99.70681051570826,1,830.1154610295092,Fire + Gas Leakage
48.65995429551594,0,665.166019822143,Gas Leakage
25.134291124513176,0,702.4875200640563,Gas Leakage
85.4156318123886,1,168.88228549323722,Fire
21.29333568851966,0,151.72863181402982,Normal
71.5037871646783,1,651.1390128121294,Fire + Gas Leakage
25.04377569411477,0,920.043550964718,Gas Leakage
86.13235037808448,1,374.2760058413644,Fire
64.75746193773509,1,131.11234462549027,Fire
44.66970885886248,0,975.6845315567829,Gas Leakage
98.62300284820724,1,357.08141094744633,Fire
72.37575923200552,1,929.3711961454806,Fire + Gas Leakage
70.98425903561323,1,891.2174655492187,Fire + Gas Leakage
66.91045346332307,1,728.7507611000382,Fire + Gas Leakage
34.27369285558563,0,272.39624093627424,Normal
97.51912522303996,1,257.6544881901458,Fire
95.01724782917151,1,211.62068910322196,Fire
97.73974225806042,1,279.0436306803889,Fire
42.74398258213503,0,642.0791473013871,Gas Leakage
63.54965380915736,1,666.4452698287078,Fire + Gas Leakage
33.65554309177002,0,238.73074030527593,Normal
65.42515019007307,1,200.9309761686228,Fire
79.87787403536066,1,194.27786033711467,Fire
27.577669656970734,0,107.47168242595984,Normal
99.99864825888262,1,140.51997428008133,Fire
76.27566183845673,1,89.65932048050833,Fire
26.900884967015166,0,122.74583173686943,Normal
45.48069816539066,0,790.7306011896083,Gas Leakage
81.2421850951197,1,944.1782877981059,Fire + Gas Leakage
31.745496836572272,0,218.23402553554487,Normal
23.225519070162566,0,715.9086540705152,Gas Leakage
23.74225891451085,0,702.2615642845515,Gas Leakage
62.48274628391016,1,234.08237687117088,Fire
99.81432793811183,1,397.9445330238404,Fire
87.50920875238148,1,757.4032985650199,Fire + Gas Leakage
90.53404804731417,1,172.89070902870895,Fire
24.692752839217157,0,266.307601623089,Normal
27.681025710513754,0,818.7509699818528,Gas Leakage
37.61179030187982,0,56.75943773726587,Normal
21.249489314118524,0,69.55416859834641,Normal
29.03711343537342,0,185.40497242556987,Normal
92.50420930883416,1,943.1074955756244,Fire + Gas Leakage
67.14985309811881,1,288.7938363750021,Fire
23.143734527036454,0,206.4965895366882,Normal
48.65676861896642,0,615.0449576157904,Gas Leakage
78.01102916347088,1,97.52488708503606,Fire
35.620041738894955,0,971.3461963810744,Gas Leakage
76.06299130662079,1,811.9356501109254,Fire + Gas Leakage
46.21334875503054,0,739.66499166662,Gas Leakage
35.540775104909216,0,819.6654532496539,Gas Leakage
22.309037266718814,0,739.8704199080763,Gas Leakage
42.032425029074076,0,858.1361746498133,Gas Leakage
35.946470008671525,0,217.7730641967064,Normal
84.6967225928389,1,687.8390946350517,Fire + Gas Leakage
22.12248879025118,0,967.8193331744658,Gas Leakage
88.33286084610299,1,165.78793667405483,Fire
98.34585762939776,1,934.1022112622264,Fire + Gas Leakage
99.82769776549623,1,919.444281333246,Fire + Gas Leakage
34.9120908495012,0,901.33523202491,Gas Leakage
88.77618730774718,1,64.17030329625644,Fire
30.138989775013652,0,79.37105342603058,Normal
72.92531412772846,1,767.8174154826809,Fire + Gas Leakage
28.758895658703302,0,201.33862368337816,Normal
26.63578116271064,0,263.88660634206093,Normal
36.1894686735896,0,955.8442283245907,Gas Leakage
63.88851863828533,1,80.4592179702072,Fire
29.65328865854219,0,822.0487434711958,Gas Leakage
95.8631148188031,1,380.6901131941556,Fire
66.60373575209978,1,216.20464417811027,Fire
35.44751065771274,0,790.2504192534919,Gas Leakage
69.78632692390632,1,287.24526365002384,Fire
20.165700710121293,0,764.8974872524869,Gas Leakage
34.60053563038943,0,53.30741463295384,Normal
37.74976573237301,0,935.987836753738,Gas Leakage
33.24188515333026,0,209.36270175460825,Normal
47.72327990661279,0,991.6550688332384,Gas Leakage
63.97386224647158,1,653.3985714008469,Fire + Gas Leakage
73.98546453159041,1,815.0647452167074,Fire + Gas Leakage
33.032514927177175,0,54.835729717613646,Normal
71.49291410089526,1,949.9416781471098,Fire + Gas Leakage
87.88918045744754,1,761.5597138606122,Fire + Gas Leakage
26.812078520094737,0,64.58123464589731,Normal
27.833770597560623,0,243.56469997802395,Normal
25.07121149981957,0,261.5823920586229,Normal
77.86671276343229,1,342.9577624527491,Fire
41.69323213781667,0,936.6168041281671,Gas Leakage
25.566653240649757,0,112.93608790587135,Normal
38.938595192596864,0,122.5813904800218,Normal
26.885090309693034,0,292.32530906679415,Normal
98.14117353833146,1,381.44271693508927,Fire
22.51791258244808,0,261.76086724001834,Normal
68.24275943795226,1,164.51487944756502,Fire
24.854125596756436,0,175.33854438278127,Normal
95.62872553814572,1,250.7636365147156,Fire
62.5820198069185,1,198.2171635028428,Fire
31.874947709116494,0,942.8378965108243,Gas Leakage
66.9309758927852,1,876.2345076404711,Fire + Gas Leakage
37.59532306390457,0,90.56188875628345,Normal
67.66289551016749,1,104.69377931727982,Fire
25.885780788299122,0,168.78809251879306,Normal
31.577063796730357,0,257.0646633720125,Normal
48.642700742499514,0,833.4428690630859,Gas Leakage
67.35138719425167,1,812.5158067818836,Fire + Gas Leakage
31.815175256889468,0,805.138462925804,Gas Leakage
36.02014380512638,0,90.3286936236727,Normal
38.72381678289648,0,293.0954719901656,Normal
36.95157367279916,0,767.3298634680998,Gas Leakage
26.680302964649428,0,830.7371145242109,Gas Leakage
65.42992393966189,1,254.3046325233999,Fire
23.99161473487898,0,160.6268652106213,Normal
91.70375862820333,1,329.6076594296195,Fire
24.02956506705837,0,70.71260577008712,Normal
83.91247411310721,1,677.6179090024872,Fire + Gas Leakage
25.462422402410166,0,52.45898384495613,Normal
75.08129557755106,1,913.0569369678597,Fire + Gas Leakage
60.829013630121594,1,64.97107623975093,Fire
71.09558699128381,1,232.87382869952205,Fire
67.79280848307687,1,277.5658472435447,Fire
33.08172775762649,0,664.3032384656826,Gas Leakage
34.942788646298055,0,180.4365137579453,Normal
63.25320120586646,1,651.2086549551535,Fire + Gas Leakage
61.22435175468536,1,54.019012868385296,Fire
94.17251816597044,1,699.1634400487624,Fire + Gas Leakage
79.18540169787764,1,281.69290370524516,Fire
64.13932534167951,1,280.959654571982,Fire
34.15055237732727,0,857.1856899853562,Gas Leakage
88.53127570678605,1,940.5546113794206,Fire + Gas Leakage
89.48311982600309,1,984.8573683554062,Fire + Gas Leakage
36.97361658673978,0,761.6880843570234,Gas Leakage
37.019694061192375,0,63.63761857555748,Normal
63.97573532147708,1,757.0843664002875,Fire + Gas Leakage
34.83821077412556,0,974.4006924048517,Gas Leakage
38.45700349729108,0,280.1369433280193,Normal
28.954807879238974,0,181.0769919212595,Normal
67.91710805710045,1,339.6931638224484,Fire
29.135448952345435,0,817.4500791215858,Gas Leakage
85.39269332948754,1,625.4763202618028,Fire + Gas Leakage
72.65686112118308,1,955.791251035834,Fire + Gas Leakage
90.26322873729802,1,224.22661314655576,Fire
30.83332713218495,0,182.32156819282272,Normal
65.62799325561024,1,999.4198003440001,Fire + Gas Leakage
28.701546438279507,0,728.3287547951646,Gas Leakage
68.26339896112653,1,659.3417151302132,Fire + Gas Leakage
37.06819169419267,0,65.6824999962345,Normal
99.72531901558708,1,730.8884718681633,Fire + Gas Leakage
80.8134412582533,1,125.16858125436629,Fire
70.95066292249902,1,321.79581067705277,Fire
65.11467281671815,1,337.04802805891416,Fire
72.18575512464801,1,231.09162563379786,Fire
21.82015762968509,0,157.87243592333678,Normal
78.49752578981975,1,131.78479063593696,Fire
42.59317173398726,0,604.8136613354806,Gas Leakage
39.69433639078038,0,802.9746727822208,Gas Leakage
80.81660124884166,1,601.1793625621043,Fire + Gas Leakage
37.458416929840276,0,198.28459951888757,Normal
87.25953647891325,1,373.3803046798675,Fire
78.15868178210602,1,215.47466662423713,Fire
99.34035840222329,1,822.0239575127594,Fire + Gas Leakage
82.41272454340125,1,867.4537553045944,Fire + Gas Leakage
72.85022593334553,1,73.7810812303033,Fire
31.727584897240313,0,54.14346444560551,Normal
99.60155765141592,1,644.8016257358422,Fire + Gas Leakage
27.147157374130938,0,89.60306749583458,Normal
24.8307454742049,0,652.2684563355604,Gas Leakage
38.26475456056786,0,621.0331887589424,Gas Leakage
27.97810492617595,0,926.6117009937118,Gas Leakage
21.93993855759458,0,666.8360419721523,Gas Leakage
89.15068076886271,1,55.28053055029689,Fire
80.45827862092193,1,162.3415916832427,Fire
90.8135609168553,1,930.4625878330357,Fire + Gas Leakage
60.71936908020978,1,888.4870406287287,Fire + Gas Leakage
64.79144541159032,1,843.6634545244386,Fire + Gas Leakage
62.96757276322082,1,81.17520568448465,Fire
31.00630003266828,0,255.2735810376956,Normal
38.97358200652703,0,179.44575122482902,Normal
24.137224116110133,0,887.6130239767565,Gas Leakage
21.95128977116624,0,130.73867373597756,Normal
44.87118604278321,0,634.0572740829772,Gas Leakage
65.24013013019129,1,893.0189676041673,Fire + Gas Leakage
78.85915500060405,1,858.2940378216028,Fire + Gas Leakage
27.7016877177606,0,153.40193600763632,Normal
72.43821020498731,1,738.2721765597349,Fire + Gas Leakage
31.047850870714164,0,78.24131952682444,Normal
88.50666603276295,1,754.1549562307501,Fire + Gas Leakage
68.5295568557482,1,360.7358871599832,Fire
86.98220145901035,1,114.40543098002557,Fire
89.60886638153278,1,373.51935700876146,Fire
49.69267535204864,0,677.6446981675414,Gas Leakage
99.18301549678468,1,991.7039601868692,Fire + Gas Leakage
61.409173275302,1,111.42864110280064,Fire
48.50145858760706,0,657.7121300847367,Gas Leakage
29.68217744907785,0,74.19200454547303,Normal
34.65129034022593,0,676.5286897297729,Gas Leakage
27.980256201852523,0,612.856912299522,Gas Leakage
42.5672963924178,0,800.665865165173,Gas Leakage
33.133179305844955,0,817.393583237506,Gas Leakage
33.05515133528181,0,99.07094126039598,Normal
45.04137382282959,0,727.4874049925596,Gas Leakage
83.89213862715104,1,56.06476814725774,Fire
27.76844463798411,0,685.3157606526004,Gas Leakage
95.4054672154158,1,652.6020922349747,Fire + Gas Leakage
97.85306814105245,1,765.2052328238409,Fire + Gas Leakage
21.410191649105965,0,794.2932877822784,Gas Leakage
90.4983567022229,1,696.5715697935624,Fire + Gas Leakage
37.35269865131198,0,929.0687260492045,Gas Leakage
37.59686586821313,0,73.26373665449552,Normal
94.35954563561856,1,300.3565589529158,Fire
20.82433321183816,0,200.8345804669352,Normal
37.75301310737676,0,969.5184569016498,Gas Leakage
79.3438840650797,1,601.5620761578795,Fire + Gas Leakage
33.947192920808064,0,285.81614934108393,Normal
37.97466609820074,0,226.2357669116447,Normal
84.26321277992636,1,921.3315425622021,Fire + Gas Leakage
82.5530501091656,1,314.4021517536466,Fire
63.813181152108825,1,999.2248838375131,Fire + Gas Leakage
38.62991697696974,0,765.3244862067332,Gas Leakage
84.77509436707855,1,786.9408602659407,Fire + Gas Leakage
35.638140679387014,0,171.55445935925712,Normal
80.09470813040147,1,931.0664380046107,Fire + Gas Leakage
96.3052413995596,1,842.3955146390881,Fire + Gas Leakage
95.49255184449994,1,150.1587491050566,Fire
82.64642495935162,1,223.3664458929806,Fire
75.62692003509193,1,295.3756741120701,Fire
68.44281643332863,1,266.49704627170706,Fire
72.15577650596116,1,316.77999120947624,Fire
49.38982071094874,0,930.4532088960685,Gas Leakage
33.69114340467964,0,734.987347422066,Gas Leakage
42.550948692382605,0,635.6647407529293,Gas Leakage
29.852877916341082,0,832.0238462355223,Gas Leakage
44.2512869416739,0,867.003238663887,Gas Leakage
34.91606161009763,0,239.2400158561159,Normal
60.95493684972121,1,634.2569744858479,Fire + Gas Leakage
26.281108506954983,0,777.8666848804567,Gas Leakage
72.27478269592373,1,133.69734842539316,Fire
78.83077072155889,1,156.05320101008053,Fire
45.15883096245705,0,668.2063478932508,Gas Leakage
98.03906552082856,1,908.1597955508096,Fire + Gas Leakage
86.82822155647226,1,904.5069899920913,Fire + Gas Leakage
33.730099056672714,0,743.6392230336336,Gas Leakage
47.3878636188868,0,847.6892747232407,Gas Leakage
74.54315402820956,1,378.3368369588302,Fire
66.09777755638511,1,75.97456373125505,Fire
83.27422183552973,1,950.9699668843782,Fire + Gas Leakage
24.622794218750556,0,824.5086202417566,Gas Leakage
97.25594730559314,1,399.9148962410902,Fire
93.81746025587813,1,189.34412594372913,Fire
98.75267367441853,1,647.9497227326726,Fire + Gas Leakage
87.6475136263335,1,735.2278617799317,Fire + Gas Leakage
40.467331197626535,0,920.5192346624438,Gas Leakage
49.9235888249434,0,903.5028896652473,Gas Leakage
39.11261513060674,0,206.64668545941907,Normal
27.57289418450169,0,859.1269637418219,Gas Leakage
32.66214082549683,0,152.32806584371687,Normal
92.47320344325337,1,884.4966165760346,Fire + Gas Leakage
39.926850565892934,0,242.75891398617284,Normal
43.991728075278644,0,867.0176793169956,Gas Leakage
33.86732519064391,0,299.1783445383759,Normal
92.86978838523811,1,152.30212789895955,Fire
88.7239852219028,1,660.6072636231223,Fire + Gas Leakage
64.44694448711135,1,795.1325047072573,Fire + Gas Leakage
28.271812608213025,0,91.36977916050746,Normal
37.11585976032963,0,827.4060878822197,Gas Leakage
92.43696910300582,1,691.1267766287942,Fire + Gas Leakage
39.23906418071782,0,110.23830396940923,Normal
75.99899407809085,1,202.10143838046108,Fire
95.54110914611637,1,929.6774748073627,Fire + Gas Leakage
68.02837819562518,1,607.9459221317846,Fire + Gas Leakage
82.23074899952924,1,693.0005863982371,Fire + Gas Leakage
35.85561328824666,0,132.14016258238624,Normal
72.5520851614266,1,328.1147565588708,Fire
26.468595237693734,0,956.3096683081297,Gas Leakage
48.51336527773599,0,930.5367324573156,Gas Leakage
81.64922985074602,1,680.2399766896682,Fire + Gas Leakage
38.43689578802339,0,658.5360659188658,Gas Leakage
38.342423030685765,0,830.2191083873449,Gas Leakage
33.69017270144597,0,905.3731633843456,Gas Leakage
63.128326964042124,1,774.5621077998255,Fire + Gas Leakage
29.684985968494367,0,53.12259251589187,Normal
24.289708984085923,0,815.6194902172448,Gas Leakage
65.26937854229243,1,756.9188640937397,Fire + Gas Leakage
72.90911688191035,1,355.7792990821787,Fire
62.52663694984809,1,152.22289910744337,Fire
36.46706501750663,0,99.38602769008679,Normal
75.9632323412483,1,108.25151448822893,Fire
25.62345899082692,0,900.0226177020344,Gas Leakage
38.13466327992905,0,110.68947044310926,Normal
30.78242228659844,0,768.1724990024845,Gas Leakage
71.88278066841677,1,692.3452475442631,Fire + Gas Leakage
27.389972456543333,0,51.551193480730795,Normal
88.49502338301309,1,895.2423328417876,Fire + Gas Leakage
35.64106322282582,0,194.7715031352459,Normal
35.43466092593706,0,155.70313648760666,Normal
84.56281916881292,1,111.96040597192288,Fire
78.33468612039366,1,810.8846585240267,Fire + Gas Leakage
94.78845057895073,1,385.1172423475955,Fire
84.60226926973627,1,295.4402400982629,Fire
29.18279469172095,0,200.4782663598596,Normal
23.396803183935873,0,87.70051072634395,Normal
33.59585510494999,0,648.8324925985619,Gas Leakage
35.465800381612695,0,154.03581821566118,Normal
74.09154227888499,1,86.00046416127154,Fire
98.72804139823639,1,719.4204281297609,Fire + Gas Leakage
35.9732334221097,0,807.6545132905218,Gas Leakage
31.73375379450164,0,675.6317080093287,Gas Leakage
84.24928591903317,1,137.19062174627456,Fire
64.74550135244638,1,833.683621404473,Fire + Gas Leakage
98.42786815598791,1,950.6363055389412,Fire + Gas Leakage
66.49980640102642,1,761.1073083642782,Fire + Gas Leakage
81.58729501109914,1,787.8246139811096,Fire + Gas Leakage
62.102409994089854,1,875.6253600384425,Fire + Gas Leakage
30.147188818870056,0,869.3077459683935,Gas Leakage
88.69615134145036,1,966.074871575122,Fire + Gas Leakage
32.715039225760876,0,100.21032244973864,Normal
32.88008516405507,0,200.0688027504709,Normal
90.53562361497266,1,181.30733296174742,Fire
46.206957913902166,0,628.2024427949628,Gas Leakage
45.34496727798232,0,916.0248591705688,Gas Leakage
76.96461053456697,1,667.7775405324201,Fire + Gas Leakage
34.404358589132755,0,99.69652689843537,Normal
44.455105327891445,0,673.1569886573633,Gas Leakage
82.92268754500523,1,370.3207004305611,Fire
27.164410214319588,0,125.89593739686404,Normal
71.23276826698452,1,858.7985253952502,Fire + Gas Leakage
97.08381420390877,1,652.4073111656799,Fire + Gas Leakage
36.16971324768772,0,293.9055904728874,Normal
72.17264175546426,1,646.168666501965,Fire + Gas Leakage
21.165183397175255,0,199.98971661826894,Normal
85.03363772476402,1,829.4874016562725,Fire + Gas Leakage
73.19704017689739,1,283.1531899049992,Fire
98.24530663415243,1,314.9287257263361,Fire
39.850983820170924,0,50.52716414881507,Normal
26.838479087679637,0,91.06474616762057,Normal
82.54782235758785,1,157.1645297792824,Fire
35.725021690617034,0,795.7743879991681,Gas Leakage
98.72735510515672,1,125.52648179241451,Fire
33.85738769596582,0,152.25629364479204,Normal
63.28787391979399,1,69.16388750747564,Fire
72.4558031807971,1,347.68692383036756,Fire
93.19021731205464,1,860.9883928473107,Fire + Gas Leakage
21.613125878831372,0,219.08174009999843,Normal
32.35327113704299,0,202.66110900776002,Normal
24.645795173986663,0,867.0700701733227,Gas Leakage
35.16886931256465,0,259.59935819317934,Normal
80.38408569248604,1,623.71304146662,Fire + Gas Leakage
24.49072768928979,0,144.1932388402527,Normal
90.57201545422976,1,821.0621368638151,Fire + Gas Leakage
45.726056178742304,0,945.0304446908847,Gas Leakage
71.69024345947861,1,168.14673504541454,Fire
35.878138008708106,0,210.19487775527486,Normal
80.786641928637,1,67.55959151851503,Fire
62.54582302572394,1,330.5245215426051,Fire
88.09456209857237,1,159.10257017510082,Fire
32.6247873787505,0,237.1124560669293,Normal
90.49875816326812,1,136.69015572501476,Fire
31.194152702281908,0,214.20076188067472,Normal
84.10335218627236,1,311.55984086642735,Fire
31.24804141027777,0,723.5772075903162,Gas Leakage
98.96496593083158,1,144.62052419634267,Fire
82.36461315036479,1,602.9160959593698,Fire + Gas Leakage
47.21330611514631,0,666.4783917519937,Gas Leakage
37.36298525502266,0,102.28599901043737,Normal
83.82931314577884,1,374.91681538893965,Fire
20.018090705321793,0,111.96615642292016,Normal
20.4762983357449,0,788.2281640737131,Gas Leakage
25.828059544743347,0,79.36392739146909,Normal
33.33201975664862,0,125.62715250265207,Normal
37.73199589881385,0,76.18763554715589,Normal
23.096649864543327,0,286.62378486560624,Normal
27.959731923472777,0,239.08707715719524,Normal
74.86059533033149,1,84.34556784499678,Fire
38.63579626647259,0,645.766445542324,Gas Leakage
21.27938268741197,0,607.1804556966183,Gas Leakage
21.977018120385083,0,955.2548173901715,Gas Leakage
47.732110628961536,0,862.5321990335467,Gas Leakage
89.5206175448572,1,672.9888394737161,Fire + Gas Leakage
74.22298277033198,1,206.41649958738853,Fire
92.01447008584475,1,760.5566535223727,Fire + Gas Leakage
37.45638756268022,0,198.16901963260563,Normal
37.50625718726356,0,944.282915969128,Gas Leakage
76.01209116540937,1,647.178127947791,Fire + Gas Leakage
83.33483676615556,1,108.55652504983344,Fire
33.07322693225716,0,917.2985585994579,Gas Leakage
63.71449390613276,1,973.8334267400757,Fire + Gas Leakage
93.06156051066414,1,121.16264690618796,Fire
24.228490632624627,0,51.24982075624605,Normal
20.192192582335018,0,907.8225214586987,Gas Leakage
76.62814015250761,1,792.9250562789,Fire + Gas Leakage
28.143508735896567,0,957.8331107150954,Gas Leakage
74.59863507027109,1,616.5844825059559,Fire + Gas Leakage
32.192569524784474,0,745.6455146797165,Gas Leakage
95.90856831913597,1,197.43281756612356,Fire
47.347884188351046,0,785.1043085799538,Gas Leakage
23.738335047310436,0,125.5346292849422,Normal
45.80197424660259,0,782.9492907918351,Gas Leakage
39.686063128560846,0,849.1656777040464,Gas Leakage
47.10550971207338,0,635.460203320554,Gas Leakage
20.36168709892963,0,221.16960205866053,Normal
39.58123369715412,0,229.42190423381217,Normal
76.16418129368665,1,779.9279832926146,Fire + Gas Leakage
37.914377295875354,0,811.4390552117404,Gas Leakage
30.390828997702073,0,245.22771624106923,Normal
36.240423399618564,0,198.07794664993406,Normal
76.79520733406318,1,134.94782772142037,Fire
30.88104650104009,0,295.84511116745546,Normal
77.01683780072091,1,250.47524906566554,Fire
69.48501600465958,1,222.4067192290148,Fire
28.612854422093335,0,195.8287233065371,Normal
44.154120794533156,0,617.4968506887325,Gas Leakage
92.2703786407838,1,200.7789711549099,Fire
66.23045213388804,1,63.353035239732144,Fire
27.036243004751785,0,633.6347846332059,Gas Leakage
74.80359783771304,1,365.6230635667383,Fire
26.62425116332984,0,959.2090952665442,Gas Leakage
69.76790390792209,1,976.4932448066171,Fire + Gas Leakage
83.60085712431591,1,270.9557926275745,Fire
45.56395795483007,0,733.5833744236772,Gas Leakage
26.807143203179805,0,181.00671335334567,Normal
60.680617383162165,1,67.67702905541634,Fire
29.3573255599523,0,118.18451205685999,Normal
46.14539852466639,0,948.860760012757,Gas Leakage
46.01871392779235,0,601.6921039827328,Gas Leakage
24.245264230094037,0,222.29737315344602,Normal
67.2841832266065,1,279.97355008142483,Fire
27.622555045544424,0,792.712849418656,Gas Leakage
34.17063913172726,0,129.0848220016951,Normal
30.657398057805757,0,59.180864353687674,Normal
66.67569979085063,1,745.212963631673,Fire + Gas Leakage
90.889751451438,1,69.60623323524598,Fire
23.230394026332007,0,270.5386050031445,Normal
84.71134273445976,1,697.1415466063328,Fire + Gas Leakage
84.72346949694725,1,53.955565260645386,Fire
62.461852328702236,1,259.7230653824414,Fire
92.78767252294742,1,752.8995614669839,Fire + Gas Leakage
35.02695552181564,0,188.78969500171516,Normal
35.71150488555389,0,844.481563602663,Gas Leakage
30.50700743585157,0,221.35277528595145,Normal
72.90781319088816,1,886.4075045947644,Fire + Gas Leakage
37.598500855594644,0,673.7663231082314,Gas Leakage
89.67204038483564,1,796.4391712551007,Fire + Gas Leakage
70.48232248433342,1,869.0571911746507,Fire + Gas Leakage
44.30945674340816,0,820.1176842495978,Gas Leakage
26.91200846085944,0,654.0111252247605,Gas Leakage
85.67567983512188,1,704.8279394001344,Fire + Gas Leakage
88.14257622298017,1,77.2531110123959,Fire
78.86107428917634,1,765.0073849391476,Fire + Gas Leakage
90.03295335978999,1,84.2293196554188,Fire
77.38473010940547,1,370.3712730445659,Fire
20.2218591873331,0,138.15016273821152,Normal
61.573801508049726,1,680.7225494355091,Fire + Gas Leakage
38.18883560470337,0,999.1786491927535,Gas Leakage
25.932546587087735,0,290.7010734855628,Normal
87.9043629571664,1,236.84443980823195,Fire
24.393936229037067,0,633.2817682347616,Gas Leakage
38.467768848162734,0,233.79502671449484,Normal
86.47574854413052,1,230.65480873338342,Fire
84.55586051215968,1,125.11779988312972,Fire
93.79029360164874,1,341.4545773927906,Fire
82.86454264568582,1,318.73171191280727,Fire
35.77233494161642,0,202.44281015420364,Normal
39.619507430659056,0,998.8067893967525,Gas Leakage
20.071592728500804,0,88.19971953062748,Normal
31.725839275110616,0,825.3164596151671,Gas Leakage
82.18636163209887,1,246.59627220012877,Fire
81.37834788168817,1,387.20146856892785,Fire
89.10033969176168,1,857.4433511720242,Fire + Gas Leakage
63.92481862897918,1,269.0421628834619,Fire
65.04284487201541,1,106.09209478926681,Fire
63.4401559543755,1,333.60151051729855,Fire
20.838595722829393,0,144.6663212168221,Normal
84.85455883327774,1,797.3615425950255,Fire + Gas Leakage
31.494534904012536,0,922.4765228167032,Gas Leakage
31.756474939923855,0,297.1814639477502,Normal
26.795789026386238,0,688.7438150538284,Gas Leakage
71.39594713442169,1,75.88868850593173,Fire
60.95060151153815,1,256.4485747257505,Fire
73.64691510239874,1,88.02451526400012,Fire
74.4439422143702,1,269.2482567615804,Fire
44.228132252816785,0,704.0544859030543,Gas Leakage
99.3618697259203,1,871.3907647011089,Fire + Gas Leakage
80.8736165685064,1,210.70726900895696,Fire
31.10274790543229,0,268.7011314948927,Normal
77.91600350513966,1,700.1387723867344,Fire + Gas Leakage
67.75845186098752,1,262.3467198718642,Fire
30.763753756410203,0,225.00696139891292,Normal
32.226279924659906,0,288.8760806578639,Normal
22.528635244388855,0,706.5407628463165,Gas Leakage
77.78050562725866,1,659.2385412464131,Fire + Gas Leakage
22.81417220131141,0,298.46475666651816,Normal
37.054224020031455,0,168.19969160126604,Normal
96.51647646957804,1,765.5037946627572,Fire + Gas Leakage
31.115720072904708,0,103.57390423573283,Normal
87.00461982337114,1,891.6034347742038,Fire + Gas Leakage
97.51320367081746,1,120.68844478433569,Fire
47.01505515886929,0,752.0686766668429,Gas Leakage
98.75668735226253,1,898.4475920814256,Fire + Gas Leakage
39.89234013412468,0,895.0522891322748,Gas Leakage
24.899316861540335,0,86.53769552392436,Normal
94.44398219113242,1,229.57507868941346,Fire
20.603502013301412,0,272.72655110513693,Normal
38.21082300561125,0,133.75404737030834,Normal
62.64545869487799,1,69.47882795652168,Fire
24.176585486179434,0,970.2987573572245,Gas Leakage
83.8459634347775,1,911.8793929828568,Fire + Gas Leakage
20.979190914055923,0,649.8830460799961,Gas Leakage
66.03376859010197,1,809.4207888911134,Fire + Gas Leakage
35.09879067388209,0,654.0477492931241,Gas Leakage
71.32948337510177,1,173.9856086845005,Fire
69.2251201500694,1,797.121457358903,Fire + Gas Leakage
90.68145047611668,1,334.4237101149581,Fire
27.801928760430027,0,623.7450250469248,Gas Leakage
70.3750986788929,1,304.75407585714333,Fire
31.95645020261376,0,88.86986604672919,Normal
93.48733351156193,1,636.4627246294599,Fire + Gas Leakage
39.440379480804495,0,996.6400809806966,Gas Leakage
73.87207516658088,1,175.55005695379887,Fire
34.17225243654438,0,120.07487384069633,Normal
98.31846004633113,1,146.44025197048353,Fire
31.649967456818153,0,851.2344749837316,Gas Leakage
61.62675846302899,1,122.6318554291073,Fire
31.175836490358495,0,811.300368278365,Gas Leakage
90.72129377976128,1,284.7460904548079,Fire
23.023495382351182,0,189.2505706710664,Normal
93.87628387732147,1,193.25920750811886,Fire
42.73179549646177,0,704.9875689402335,Gas Leakage
79.92518531647175,1,949.7372477041201,Fire + Gas Leakage
34.26867889257829,0,235.9961798011465,Normal
25.667017882353736,0,258.31491811280137,Normal
82.479566693793,1,616.946685187657,Fire + Gas Leakage
79.72361990598571,1,819.6102782156386,Fire + Gas Leakage
37.504580706774334,0,135.03241024440882,Normal
49.22174351540275,0,903.4225273239624,Gas Leakage
28.456027011138488,0,881.2821906446868,Gas Leakage
44.43964272192888,0,928.0185935943366,Gas Leakage
81.98138736098568,1,752.6788221958873,Fire + Gas Leakage
35.48415658385274,0,664.6016717923794,Gas Leakage
31.298018393052025,0,863.0824539667816,Gas Leakage
33.79698663638442,0,138.2583351014768,Normal
88.93122026857228,1,185.89811961682275,Fire
35.217702886407636,0,164.04540820477283,Normal
49.98868067858027,0,811.9971878176111,Gas Leakage
97.70466476776934,1,965.8365844717006,Fire + Gas Leakage
90.1639466391586,1,658.8400195612355,Fire + Gas Leakage
75.71539789564312,1,701.6812387120845,Fire + Gas Leakage
25.593071777239267,0,896.879649498253,Gas Leakage
67.04260574568367,1,232.841251786024,Fire
62.900796775459206,1,126.08952281165162,Fire
27.705587392317856,0,148.5506943283471,Normal
65.1550677235169,1,630.9681283482893,Fire + Gas Leakage
61.31234063685555,1,274.81269600271355,Fire
76.94567430708929,1,289.3123146251709,Fire
76.64339818725875,1,218.31305052013187,Fire
74.58850917868226,1,957.2951366796243,Fire + Gas Leakage
40.60067367074304,0,734.1292901544564,Gas Leakage
81.89519701580318,1,710.4223769808589,Fire + Gas Leakage
27.72562291740622,0,662.9239805783856,Gas Leakage
88.59508565434243,1,752.2134163309337,Fire + Gas Leakage
21.000250262430345,0,192.78079067387537,Normal
24.384007569313955,0,162.18959225019276,Normal
29.2743840157393,0,254.3730049125868,Normal
37.53239589818,0,618.0182689873536,Gas Leakage
33.53730942421834,0,121.10178163454623,Normal
48.532275882601674,0,927.5699601348358,Gas Leakage
94.45471648058799,1,935.1145835588409,Fire + Gas Leakage
49.72275047884543,0,822.6869105462848,Gas Leakage
87.05418572040503,1,369.5987814205723,Fire
46.568055690015285,0,743.034514061339,Gas Leakage
24.320332973472375,0,628.7045710649732,Gas Leakage
70.1375807811909,1,815.1870217163034,Fire + Gas Leakage
68.15066203881791,1,936.0418553911315,Fire + Gas Leakage
84.5567052233503,1,920.3388746785668,Fire + Gas Leakage
71.69273947822738,1,56.38151844062234,Fire
95.89331620099146,1,844.6572246507118,Fire + Gas Leakage
29.8841200176094,0,879.7621933417486,Gas Leakage
29.48763829420819,0,111.45868611594187,Normal
41.81520293406081,0,621.9420066579229,Gas Leakage
32.53032134899327,0,229.55272263174456,Normal
71.1699814552281,1,742.5104659995577,Fire + Gas Leakage
49.57908483220959,0,606.898955558434,Gas Leakage
63.45795034369179,1,800.1468594106492,Fire + Gas Leakage
23.288560374456498,0,83.74177147998117,Normal
22.44595354917188,0,258.5087426692884,Normal
95.90127401956337,1,634.3977801085666,Fire + Gas Leakage
28.757373876955015,0,96.40394736267194,Normal
93.6609325265087,1,312.4499992466198,Fire
32.34809758501326,0,941.1366938666431,Gas Leakage
31.853998491302846,0,198.99725666138687,Normal
34.24560346210318,0,979.1952332716091,Gas Leakage
86.7327723638515,1,833.9826637545328,Fire + Gas Leakage
74.9069580104481,1,61.76410837940233,Fire
82.14108162760522,1,287.3976034901035,Fire
29.43117530364323,0,203.47107565629793,Normal
97.95134491395433,1,182.39374522523,Fire
81.0241200552363,1,123.45237265244778,Fire
89.18330268543983,1,683.9556191036514,Fire + Gas Leakage
34.568456682666195,0,101.01353683694343,Normal
91.20720071088762,1,146.463120705498,Fire
85.72197837126808,1,925.8327602979012,Fire + Gas Leakage
69.5149898236974,1,365.80294173738486,Fire
38.19095672089496,0,169.34680240887786,Normal
79.27543889166294,1,996.8986705596808,Fire + Gas Leakage
81.70912279627792,1,998.5673824884398,Fire + Gas Leakage
37.361325274859105,0,632.4459473185568,Gas Leakage
99.77206076765196,1,265.3268629351421,Fire
21.876991948771916,0,93.38790669679283,Normal
81.34695308207965,1,745.9453546878611,Fire + Gas Leakage
86.36256649734064,1,200.72640699296548,Fire
23.773979024585564,0,91.82838249382812,Normal
73.53789151830205,1,388.66866829168043,Fire
79.08017713995409,1,276.9356762638619,Fire
65.43895908616594,1,818.4860356106714,Fire + Gas Leakage
48.4358993744575,0,615.5644683669092,Gas Leakage
37.97900625088131,0,80.4188677837567,Normal
34.82213177554413,0,119.91876646534287,Normal
72.81608169587994,1,840.7271485966617,Fire + Gas Leakage
39.731355902463015,0,128.56091094535498,Normal
40.781547132299615,0,807.6825247102103,Gas Leakage
81.20098150113736,1,837.2758441920444,Fire + Gas Leakage
36.87047267618716,0,178.03023607193398,Normal
70.65013788432593,1,927.8406465897938,Fire + Gas Leakage
69.59608651928319,1,101.72883183119097,Fire
35.22271357452807,0,847.1412560123381,Gas Leakage
21.22100538229367,0,125.74609502179025,Normal
35.53024870801437,0,170.34663260712563,Normal
95.75923055696622,1,343.05333037484263,Fire
89.86145406798815,1,305.92415788977837,Fire
97.38823563387189,1,328.54483713760135,Fire
95.9775622129068,1,274.22918026692207,Fire
72.97094836554814,1,221.4420368367677,Fire
88.54104252566565,1,812.2155283918312,Fire + Gas Leakage
32.47425791347542,0,670.4938716345987,Gas Leakage
95.42550062459026,1,625.9806643467219,Fire + Gas Leakage
90.8442478639807,1,198.4941710166907,Fire
27.908133542723697,0,139.06125265651525,Normal
35.02872454285502,0,609.514109800181,Gas Leakage
37.39620374315978,0,909.8940938127371,Gas Leakage
20.725707624702903,0,202.2438106869228,Normal
31.13553184128422,0,84.54397598986512,Normal
24.984803668522087,0,107.39025235712869,Normal
23.915916226558775,0,157.81950306503526,Normal
40.07182835035894,0,961.0792331005382,Gas Leakage
67.7525315309369,1,109.18204622916147,Fire
32.48863002109184,0,174.24050844637384,Normal
34.90155377205635,0,133.44539926653323,Normal
62.29873075229975,1,117.7251689446883,Fire
38.42882444099325,0,259.3164199303816,Normal
96.33028507812332,1,113.16391464203996,Fire
23.097860977694552,0,819.0478298936628,Gas Leakage
35.78573344730703,0,755.0759481048577,Gas Leakage
98.85638992654827,1,997.3712247802787,Fire + Gas Leakage
87.47611423445043,1,385.24088714824614,Fire
26.148962157415646,0,959.4526684268835,Gas Leakage
95.135892624467,1,872.9751662258243,Fire + Gas Leakage
98.05878513566745,1,745.324147459469,Fire + Gas Leakage
62.27171258115327,1,351.00682466089756,Fire
47.19017926867595,0,822.1895745574031,Gas Leakage
26.897423001204395,0,178.06174262860162,Normal
62.690304527275956,1,90.54526360812977,Fire
93.66271179689099,1,979.3112948561072,Fire + Gas Leakage
21.133841669204593,0,150.43270557695513,Normal
63.16845857873186,1,143.0287628627756,Fire
65.3192720697661,1,929.1160734431143,Fire + Gas Leakage
90.77016749137441,1,321.75239602954764,Fire
28.156504101592184,0,907.6764435748987,Gas Leakage
29.19882807447062,0,761.3742941692796,Gas Leakage
20.319257629715086,0,248.61287554869466,Normal
25.190387728544582,0,646.9123051827438,Gas Leakage
30.373861806120598,0,649.4426130577673,Gas Leakage
29.4377885506178,0,680.902297921241,Gas Leakage
33.956628757478555,0,158.63082509707195,Normal
34.42284032492972,0,96.01682283872452,Normal
36.091531382576086,0,190.60970947818737,Normal
95.26166019114189,1,222.12746917804915,Fire
86.64648327555514,1,319.13868160430667,Fire
42.20653219053672,0,887.9791889753999,Gas Leakage
27.96498715706899,0,225.58581666569106,Normal
97.6996372905668,1,703.0492520566562,Fire + Gas Leakage
84.73834729061323,1,699.7584640215781,Fire + Gas Leakage
94.48443321384704,1,660.2477998279526,Fire + Gas Leakage
82.38291787670232,1,838.3190315653951,Fire + Gas Leakage
95.24756708783973,1,976.1729983356388,Fire + Gas Leakage
29.410473254623668,0,878.843680145294,Gas Leakage
26.950637644604377,0,273.52149404458197,Normal
71.33926936987933,1,956.0906349583636,Fire + Gas Leakage
92.66417067991017,1,769.5722601972544,Fire + Gas Leakage
33.39929260826136,0,615.0253580756286,Gas Leakage
27.918087782787868,0,706.0330174485373,Gas Leakage
24.60673123693103,0,661.7964680303733,Gas Leakage
26.49932408937429,0,772.8587756715506,Gas Leakage
97.10062580010018,1,786.1692763763,Fire + Gas Leakage
64.02460217263732,1,353.80402267959596,Fire
36.63040746847479,0,224.55587594320826,Normal
23.18712815251782,0,237.18293100012806,Normal
28.838418000373437,0,139.56907342274067,Normal
21.68288108166354,0,919.8267578750825,Gas Leakage
75.10692830446028,1,276.8507045020983,Fire
99.26114802659333,1,774.6293138315455,Fire + Gas Leakage
28.198961204626187,0,297.00359049584256,Normal
75.62936808807926,1,77.63378978022205,Fire
21.05038522511076,0,107.5709281610145,Normal
82.44943300251457,1,308.19520149711155,Fire
64.6014441414582,1,166.02141576792638,Fire
31.2878023643692,0,209.0746916603729,Normal
69.50597012894546,1,284.8735259257396,Fire
34.29953453516974,0,963.9079699528058,Gas Leakage
24.29066734091058,0,87.87060148092908,Normal
25.919132510087152,0,53.64594809497765,Normal
85.12540394673132,1,877.3188030639069,Fire + Gas Leakage
28.778708907341336,0,81.04309416801351,Normal
30.51225980868079,0,176.22400822056863,Normal
32.71626785714244,0,830.8789541070073,Gas Leakage
25.674898770277586,0,75.36241642971265,Normal
32.072838434178614,0,295.8087607872891,Normal
87.53676870517434,1,925.3210197360844,Fire + Gas Leakage
46.84908613763365,0,766.6245806100437,Gas Leakage
92.0490170177521,1,283.2690760831066,Fire
90.87569169355294,1,726.9980377076087,Fire + Gas Leakage
95.24686999590853,1,638.0172211846448,Fire + Gas Leakage
66.49977524011938,1,861.5793279565652,Fire + Gas Leakage
90.71422883316555,1,368.88169569032226,Fire
27.70835182355998,0,114.74047825958448,Normal
97.32096796588229,1,397.33463006718176,Fire
88.03551832464488,1,716.8080977686299,Fire + Gas Leakage
84.50126934118639,1,190.47430734225424,Fire
98.82500907264293,1,752.634322745168,Fire + Gas Leakage
74.67348461863986,1,351.5148021021318,Fire
39.99764637870701,0,850.3875428577202,Gas Leakage
24.63790404548734,0,656.7311495077994,Gas Leakage
36.24005746496553,0,705.1149946330422,Gas Leakage
22.119819796795262,0,203.63072853609003,Normal
34.78211830428054,0,625.5111208958612,Gas Leakage
24.078027813389653,0,196.8774403144738,Normal
87.53320421743163,1,158.09133387846472,Fire
27.41128643058682,0,201.64257133854264,Normal
42.675014259130826,0,883.7578536020699,Gas Leakage
28.963958969032138,0,79.05221503453447,Normal
31.394120330560337,0,702.7882273788472,Gas Leakage
41.029146557590764,0,831.6398409657854,Gas Leakage
88.33607021289998,1,374.7415321692984,Fire
67.69067889784726,1,672.2681930153032,Fire + Gas Leakage
35.83579817560482,0,190.71607634796126,Normal
36.877643602444444,0,181.23609390364325,Normal
21.297287395983783,0,105.66712898746998,Normal
22.903608553495875,0,120.00810924108747,Normal
30.806501766430728,0,68.79121362497277,Normal
92.86560018397842,1,87.82680654587107,Fire
27.33496954871456,0,157.63135672175122,Normal
79.03702333800965,1,846.372662669517,Fire + Gas Leakage
78.08178309101632,1,731.9463796195682,Fire + Gas Leakage
22.050372179702823,0,85.06367979773992,Normal
22.44539137055775,0,85.8131307449488,Normal
70.08834502673741,1,102.19081959082447,Fire
88.31059442837119,1,258.8712145531282,Fire
29.178406004465465,0,130.74180440592164,Normal
36.41982760143115,0,185.60118082710986,Normal
82.57733814624753,1,712.0645757663368,Fire + Gas Leakage
83.71737594251732,1,773.1499598290902,Fire + Gas Leakage
69.07987485053759,1,312.8009494291648,Fire
76.899792576246,1,615.5622945291358,Fire + Gas Leakage
99.39104712875303,1,153.3220072706784,Fire
25.209496634632284,0,183.82095024686475,Normal
23.389788313373334,0,97.81133975857257,Normal
35.235998516129754,0,178.90802553190665,Normal
60.737140607956505,1,626.2208274810027,Fire + Gas Leakage
97.06880521953488,1,60.033342019427366,Fire
45.88709693609808,0,606.8563948660668,Gas Leakage
30.573064472186207,0,187.51887296595817,Normal
91.63290669538199,1,973.0552372109994,Fire + Gas Leakage
85.32343518684986,1,254.9136829964805,Fire
36.749839194751246,0,721.2545640616509,Gas Leakage
31.83059523238041,0,290.83698862745234,Normal
39.21134169101133,0,226.79319320325786,Normal
26.29884740464614,0,230.17095814327607,Normal
67.88823606302621,1,780.5087037078903,Fire + Gas Leakage
34.389189080467474,0,845.335638283056,Gas Leakage
79.3425358535696,1,367.61381887239133,Fire
72.73026876013961,1,791.8206205305335,Fire + Gas Leakage
78.16350245994754,1,612.5522596360639,Fire + Gas Leakage
85.7760531844352,1,933.0604580395548,Fire + Gas Leakage
65.11059965347135,1,171.42037472564027,Fire
73.76786613135944,1,299.43157543078786,Fire
22.402524690824972,0,225.60130705787336,Normal
29.753161667524168,0,146.69428506746908,Normal
98.96287001740237,1,699.2781433363505,Fire + Gas Leakage
23.898953043306733,0,283.14644805203545,Normal
22.694767581480644,0,838.146888116354,Gas Leakage
28.6766107660268,0,183.79656937963148,Normal
68.12079624898523,1,800.3185245474357,Fire + Gas Leakage
73.0593130983417,1,82.090107697213,Fire
32.69783425870784,0,175.75688163882293,Normal
47.268381684540046,0,847.1296959164123,Gas Leakage
71.56860029880475,1,949.5165989331608,Fire + Gas Leakage
24.126338186873795,0,185.2171475537856,Normal
22.522459746360692,0,242.20569498049522,Normal
47.7656358754096,0,656.8901947590756,Gas Leakage
73.9451333746696,1,629.9550857618693,Fire + Gas Leakage
28.191332852450426,0,63.215461988744764,Normal
63.46551935605807,1,116.4172398223562,Fire
96.5618198211932,1,903.0003872149182,Fire + Gas Leakage
95.35640204976957,1,808.4182709178026,Fire + Gas Leakage
29.410579723747208,0,228.9135294848411,Normal
34.61929879585395,0,793.1749200835025,Gas Leakage
25.775036998030288,0,871.5660867763852,Gas Leakage
34.40054595898971,0,716.605121465916,Gas Leakage
35.4762162239648,0,971.8158651721492,Gas Leakage
36.99832382864892,0,266.0719234570522,Normal
39.527948841854645,0,969.9403883884836,Gas Leakage
62.520273350905455,1,290.2264132560493,Fire
79.67896469224007,1,720.3272740499,Fire + Gas Leakage
21.326285192828554,0,881.8408808137251,Gas Leakage
61.47356933123274,1,172.54480792389967,Fire
70.8712438401504,1,800.827310247282,Fire + Gas Leakage
35.92167083689176,0,794.7233534352342,Gas Leakage
65.12939147637306,1,998.2629762692226,Fire + Gas Leakage
49.72838909025037,0,957.9145092678617,Gas Leakage
29.663492740157988,0,193.74565597245515,Normal
68.33181833813597,1,887.3660205611984,Fire + Gas Leakage
29.90722209677747,0,734.0137899744174,Gas Leakage
40.05949723699456,0,695.3048567479306,Gas Leakage
38.877411970375036,0,58.84750048011426,Normal
98.37579105296061,1,180.2553563766914,Fire
29.066766346245675,0,732.4260992295186,Gas Leakage
65.13657124577132,1,115.88258513347111,Fire
24.318686854762756,0,193.3076147984925,Normal
66.79606254929921,1,176.74083925972383,Fire
45.83901035350905,0,806.3605141558825,Gas Leakage
23.296012538978673,0,146.03392004772087,Normal
32.889871086557626,0,266.1054437493057,Normal
41.894479334211,0,958.9168949260668,Gas Leakage
30.79652930065444,0,268.3833502787055,Normal
40.344352840580086,0,682.061966535272,Gas Leakage
23.77283796933095,0,696.5660184042251,Gas Leakage
73.31157726221308,1,673.1094022499024,Fire + Gas Leakage
20.807195698246087,0,748.8137552904057,Gas Leakage
85.11352015416992,1,675.0022923842668,Fire + Gas Leakage
24.329720099985924,0,746.7134030394932,Gas Leakage
32.8793504960428,0,73.52440151236082,Normal
26.599596802174673,0,274.45064109341934,Normal
84.01556215364565,1,160.1503235512696,Fire
39.890961674812296,0,128.17067709364636,Normal
76.22013303101231,1,255.25303271541742,Fire
23.143669199337012,0,274.51015578797103,Normal
69.11685816599251,1,76.46449856245317,Fire
86.25237768669821,1,55.00558888693132,Fire
89.42986469124803,1,664.1716357837129,Fire + Gas Leakage
48.492043954481915,0,833.4627904387297,Gas Leakage
39.27357434866926,0,58.63418586100131,Normal
32.08550792429204,0,992.901519515046,Gas Leakage
98.6890429583328,1,834.5062039033421,Fire + Gas Leakage
25.737410828803263,0,733.7707126530629,Gas Leakage
75.87805979684791,1,158.61770266421462,Fire
89.34026680635151,1,158.52682712498626,Fire
64.82967307375833,1,256.1826297128916,Fire
86.6080955856979,1,955.9805927156312,Fire + Gas Leakage
63.115523021730844,1,306.15019995884626,Fire
82.78543741807084,1,356.72643392110615,Fire
91.80717669539511,1,229.3117974035539,Fire
31.1767431585575,0,604.6780830921658,Gas Leakage
74.92746535035658,1,149.43467479378722,Fire
45.60567263041679,0,930.490174822161,Gas Leakage
34.62382873501032,0,891.6638537940353,Gas Leakage
46.631984787384795,0,730.713847103469,Gas Leakage
46.606878615201225,0,828.2557966162026,Gas Leakage
25.476371080841837,0,268.69815338072897,Normal
64.11735557695515,1,224.2803456022505,Fire
62.88601509324118,1,878.5286862283058,Fire + Gas Leakage
31.511028475102822,0,182.28882270084364,Normal
82.14087253867969,1,346.701055541443,Fire
76.76775420796895,1,217.2538606549559,Fire
91.84296436879139,1,182.67402283267572,Fire
20.705322936229976,0,795.7868200346305,Gas Leakage
71.30665182949417,1,67.33068418697466,Fire
90.22452895745553,1,638.0444896768416,Fire + Gas Leakage
29.520301750949244,0,846.7055072593947,Gas Leakage
96.7991295136604,1,710.2932667888455,Fire + Gas Leakage
49.793979427008395,0,828.320088207228,Gas Leakage
78.33269364689828,1,670.5216516503751,Fire + Gas Leakage
43.34575183498611,0,750.0863798675957,Gas Leakage
65.03373990804099,1,924.7934114577146,Fire + Gas Leakage
76.96297186822602,1,903.0427574664755,Fire + Gas Leakage
41.103536617909874,0,853.5715019506381,Gas Leakage
65.66263838940887,1,54.72690034750473,Fire
29.829998933418718,0,169.11760642443687,Normal
22.099040623516586,0,834.4157274601273,Gas Leakage
72.11668494928206,1,167.6317917252664,Fire
39.18119825536671,0,974.2302170468045,Gas Leakage
95.3331520483531,1,88.00982190708993,Fire
86.0233640350673,1,882.3838848892674,Fire + Gas Leakage
28.020306370708717,0,76.60704180076971,Normal
30.307138651994123,0,248.23073950012628,Normal
43.62714421846586,0,711.1129165846327,Gas Leakage
77.12281004371249,1,172.02560334941435,Fire
64.6464973250042,1,690.2051662295262,Fire + Gas Leakage
86.72529882731538,1,247.00649689801978,Fire
44.02571380818461,0,682.4532293084244,Gas Leakage
69.89504825802587,1,247.98243869580867,Fire
84.15751762456217,1,939.787314022886,Fire + Gas Leakage
33.435119173537764,0,241.30177453312723,Normal
24.30141383056556,0,247.8548925183645,Normal
42.452162500017444,0,942.146120666003,Gas Leakage
65.34003088814067,1,335.90293742634555,Fire
79.7436848244752,1,236.68830255901483,Fire
90.4179027569031,1,689.5226653929235,Fire + Gas Leakage
21.925541247318638,0,178.40848752405356,Normal
45.17143645111468,0,921.2393117912147,Gas Leakage
30.567537313571044,0,782.7376232282801,Gas Leakage
61.77519789413445,1,657.1175000926761,Fire + Gas Leakage
78.23635505579271,1,137.69815403512604,Fire
35.01384181781947,0,274.5923845504366,Normal
33.18982344208889,0,846.4044904940874,Gas Leakage
26.593495501525545,0,235.212007487229,Normal
92.84105200781855,1,140.2700217294893,Fire
28.037228848792868,0,221.99284352811216,Normal
72.03642146664316,1,630.8466173065452,Fire + Gas Leakage
31.305223591681035,0,970.2469176770185,Gas Leakage
85.62299293210646,1,61.39924075471362,Fire
35.17521334614936,0,929.7298093802974,Gas Leakage
96.05085163008535,1,729.952751414912,Fire + Gas Leakage
21.694269137554176,0,684.9969695509171,Gas Leakage
32.51461184585636,0,757.5919669167157,Gas Leakage
64.23861800840798,1,877.6417035276427,Fire + Gas Leakage
87.97172057429373,1,765.8392465546618,Fire + Gas Leakage
27.152177802012147,0,228.86848138128389,Normal
37.040216438520076,0,52.834130568079516,Normal
27.91907195138115,0,890.6608839075843,Gas Leakage
30.204134893218786,0,257.4744728521787,Normal
25.371721041295444,0,914.1388889370714,Gas Leakage
24.86381272523928,0,738.5958789857372,Gas Leakage
88.45095317854111,1,671.8380470475757,Fire + Gas Leakage
73.96602760527179,1,375.10526767950563,Fire
20.02639073498916,0,166.49344643535346,Normal
36.806021718694794,0,735.9078275910565,Gas Leakage
27.562247905834393,0,975.6680749666953,Gas Leakage
43.31125987248908,0,718.6587461640402,Gas Leakage
80.63980660850595,1,635.4839142890966,Fire + Gas Leakage
62.46555976344706,1,234.58952317774626,Fire
32.706233855403106,0,169.86475418716333,Normal
84.0447692628755,1,165.95003467031077,Fire
40.61843288447315,0,601.9864410818764,Gas Leakage
48.95389024321806,0,782.2777249401324,Gas Leakage
65.62521564042673,1,397.2584399683742,Fire
79.16795854214465,1,244.24328259041684,Fire
66.59388398941404,1,330.6433146548282,Fire
23.306219293408105,0,275.5057720961862,Normal
99.95116182122842,1,374.07348799546367,Fire
82.07044394296739,1,809.5801321566569,Fire + Gas Leakage
82.86242064976786,1,617.0618557912354,Fire + Gas Leakage
49.623725933540996,0,726.5502182619979,Gas Leakage
25.86508564016301,0,758.1184773701092,Gas Leakage
28.804128283650307,0,902.3033922718521,Gas Leakage
99.03988080908911,1,761.4228599095459,Fire + Gas Leakage
81.02583295737656,1,352.88886623649097,Fire
26.792688361844036,0,912.0284741264459,Gas Leakage
23.612385616239376,0,629.8309980733881,Gas Leakage
39.490601874212345,0,172.4876701276708,Normal
61.165786125619675,1,705.7616433990404,Fire + Gas Leakage
96.60337492251873,1,107.47247677281113,Fire
20.767484810397537,0,921.296708714686,Gas Leakage
31.63515176530865,0,758.1797789588975,Gas Leakage
68.39285297435366,1,242.7913788587839,Fire
75.15701995075274,1,131.26030699523548,Fire
38.67673541786643,0,678.7867471127861,Gas Leakage
48.39479393775906,0,823.2172291045953,Gas Leakage
83.03888723372786,1,740.5564287594971,Fire + Gas Leakage
31.86199381422017,0,773.1288418858702,Gas Leakage
73.19687890275006,1,240.15959666070893,Fire
80.12110452627357,1,716.043899239263,Fire + Gas Leakage
98.22135461787526,1,345.1407808029259,Fire
96.81524971767553,1,263.1384108694084,Fire
93.58588365998236,1,131.23157491617752,Fire
27.31378867420464,0,135.76815434651397,Normal
21.852657149460587,0,88.01108400242912,Normal
31.761553908597048,0,69.59223646651942,Normal
85.15338213057322,1,704.4506835086725,Fire + Gas Leakage
22.618209288469473,0,276.7229019444409,Normal
29.331814157723862,0,130.54547382603016,Normal
39.56514744362112,0,215.5964426533394,Normal
29.477774831388935,0,766.9642841111879,Gas Leakage
81.40613997489511,1,795.7165415439563,Fire + Gas Leakage
29.413041835989254,0,861.6801412375182,Gas Leakage
23.873332070086185,0,898.6134740620946,Gas Leakage
62.60704321649023,1,187.41612313409786,Fire
22.18717351700747,0,180.4783109808448,Normal
37.069766090422945,0,773.952161414586,Gas Leakage
67.08073669180148,1,240.16967587859284,Fire
20.219575058317375,0,814.4315193365776,Gas Leakage
71.29457483445373,1,791.1332111447049,Fire + Gas Leakage
32.16832076662337,0,208.76716082372874,Normal
32.179800751698465,0,196.6742668019181,Normal
92.45985059009791,1,864.0132751900577,Fire + Gas Leakage
86.85430803682394,1,178.87096314388705,Fire
98.81129720315435,1,881.1157279051108,Fire + Gas Leakage
32.64097339021167,0,782.5945765137823,Gas Leakage
75.01686688346184,1,56.90571129899303,Fire
65.08185323924818,1,733.4736608380542,Fire + Gas Leakage
88.92107065592519,1,146.86220648676996,Fire
24.93235677711384,0,259.55773990964036,Normal
92.3957465190702,1,337.063106578321,Fire
36.35453831081958,0,55.018584257965394,Normal
61.55976920479594,1,334.2037762143691,Fire
66.36874063650725,1,170.663216886971,Fire
84.18388434512319,1,948.2916409228703,Fire + Gas Leakage
83.27222065930343,1,826.2358197184552,Fire + Gas Leakage
90.38070834253391,1,186.1097335004018,Fire
24.895483607035192,0,160.70790919009886,Normal
31.845140190394723,0,634.4034816118202,Gas Leakage
68.60072578910773,1,263.9740868390775,Fire
93.18966702859038,1,717.7415801485831,Fire + Gas Leakage
78.87973754349599,1,348.9434210230426,Fire
36.75131428159176,0,89.91538089177912,Normal
29.8334130900351,0,140.08936849587477,Normal
71.48019367937789,1,901.8666761300997,Fire + Gas Leakage
82.38995914329226,1,365.1003988103768,Fire
63.77191893832308,1,393.06676449244867,Fire
76.08076174651643,1,839.3296542621374,Fire + Gas Leakage
27.522999423662206,0,100.88328144187184,Normal
92.64512436178507,1,155.06845026973673,Fire
99.80207734225891,1,992.4564786190342,Fire + Gas Leakage
67.10126259931506,1,617.2829057090911,Fire + Gas Leakage
65.3124162167251,1,93.45961771602111,Fire
35.08100346377734,0,64.39885036306565,Normal
42.40234187248347,0,789.1515782624764,Gas Leakage
31.12698448681219,0,737.9632005619085,Gas Leakage
38.162906041143756,0,203.84735036660618,Normal
34.767894538419824,0,71.34365597406587,Normal
27.0454465928184,0,83.09520323246196,Normal
37.514446773627974,0,938.4295024693984,Gas Leakage
45.06426382375557,0,615.1666852293612,Gas Leakage
68.33150782480621,1,898.9894674310833,Fire + Gas Leakage
71.65221239540575,1,225.38961619235238,Fire
71.60914306902286,1,698.6818780441621,Fire + Gas Leakage
66.27180081806864,1,872.290261065207,Fire + Gas Leakage
63.895828710714135,1,391.1736159603867,Fire
74.36526497300642,1,224.1806785120321,Fire
37.196906804317564,0,123.08855604971049,Normal
77.9510922142062,1,305.8332304535666,Fire
67.15781099341646,1,614.8655937045801,Fire + Gas Leakage
25.05541475966402,0,180.98559458479176,Normal
26.831767029188413,0,70.41940186847458,Normal
88.70280751109814,1,747.1149393033635,Fire + Gas Leakage
38.23886616820346,0,843.9824139818477,Gas Leakage
78.08375921167762,1,165.84622104380517,Fire
34.58054732083023,0,908.5941432379616,Gas Leakage
33.57957893772993,0,676.8306551405185,Gas Leakage
95.42483583710094,1,141.19622991227524,Fire
89.97942877688516,1,745.8444516710991,Fire + Gas Leakage
94.77459455469841,1,78.96776312810147,Fire
35.25894600473762,0,800.5960120947893,Gas Leakage
33.572899280482225,0,706.3465985805435,Gas Leakage
24.631242602767713,0,640.2655541530446,Gas Leakage
65.21186412824136,1,882.4979753700354,Fire + Gas Leakage
61.474214913760036,1,241.29428330676836,Fire
32.748456159395516,0,264.7338866705841,Normal
36.92302331303196,0,131.7417549558656,Normal
26.379599683054806,0,751.4312607882428,Gas Leakage
28.81607844718566,0,676.9513781881996,Gas Leakage
92.47779552138223,1,674.3054981958954,Fire + Gas Leakage
30.43922228760699,0,90.4193399439473,Normal
27.631665810458543,0,146.37973937384737,Normal
38.289871126458834,0,264.3257238070585,Normal
36.74193555258756,0,209.78232498574175,Normal
71.77132335510304,1,62.08033857207936,Fire
44.08120243257086,0,659.1911415336732,Gas Leakage
78.47349734403414,1,773.755908781884,Fire + Gas Leakage
45.45077009846092,0,873.824208156726,Gas Leakage
64.08377393757439,1,819.1024824970654,Fire + Gas Leakage
36.73095186635247,0,174.52876723946065,Normal
41.117130307936506,0,900.9973619881556,Gas Leakage
29.488873647933328,0,764.6726516317601,Gas Leakage
30.31293175954547,0,643.9131942166896,Gas Leakage
65.24071495909112,1,638.0226399716964,Fire + Gas Leakage
47.329612613123125,0,748.9662940082043,Gas Leakage
72.68947105956165,1,341.3453683266854,Fire
81.77384566185079,1,774.5094534287193,Fire + Gas Leakage
71.0673436971859,1,75.79317953782135,Fire
33.42693450479058,0,122.22221365105302,Normal
40.63812182015636,0,776.6166418475607,Gas Leakage
70.3435930016924,1,991.1908026310283,Fire + Gas Leakage
70.53694313165809,1,929.5578052674614,Fire + Gas Leakage
94.05193676880256,1,318.11352743420537,Fire
73.42977153040653,1,232.36481172807387,Fire
96.42915090843972,1,73.49353210655933,Fire
39.750257848524484,0,964.4841818121262,Gas Leakage
36.662590057257795,0,987.7143799604969,Gas Leakage
83.52333685140104,1,905.0452225541825,Fire + Gas Leakage
32.69929777247036,0,874.0849088305417,Gas Leakage
27.42715384851403,0,115.63975914376827,Normal
85.89176765061546,1,158.53550927452852,Fire
42.180479436610035,0,964.1062394419882,Gas Leakage
48.11461140671932,0,866.4259166762735,Gas Leakage
67.01536444400067,1,52.9794804360417,Fire
92.41754845313972,1,270.74979046784284,Fire
91.14982238945366,1,145.85173991426382,Fire
61.28560179159705,1,978.1840535337224,Fire + Gas Leakage
80.80616177238642,1,726.6060194390252,Fire + Gas Leakage
61.02252341474102,1,909.0514830008366,Fire + Gas Leakage
46.22714400802187,0,638.7203606764992,Gas Leakage
73.31258678021128,1,333.5942340569187,Fire
24.82670461681514,0,118.67750812044478,Normal
76.72879724003981,1,363.5667054963664,Fire
97.38863471072109,1,717.1449318536415,Fire + Gas Leakage
31.158001917576556,0,970.1087246695063,Gas Leakage
98.23961577165602,1,285.1842370503732,Fire
39.25644217065898,0,194.10275740605826,Normal
78.71047951464274,1,79.22496313234089,Fire
91.59621836035015,1,652.7931268747813,Fire + Gas Leakage
67.4989934991662,1,247.8646435419722,Fire
36.729638311841015,0,55.52137030944047,Normal
24.140068528999837,0,243.46219602823064,Normal
87.80518931742778,1,251.93395790139834,Fire
68.09848094756993,1,279.16673281626663,Fire
60.598331461163184,1,182.2842148410357,Fire
72.53679134517625,1,285.69237726173844,Fire
20.47877432132247,0,187.13997331648258,Normal
27.754443418449025,0,898.9942964399196,Gas Leakage
74.44672953811207,1,946.2117977538654,Fire + Gas Leakage
77.26379903303294,1,130.81928730209916,Fire
80.77065891335265,1,368.3920806495966,Fire
69.46639328033585,1,320.4038223081304,Fire
29.745248131857977,0,891.5572537832895,Gas Leakage
75.92817151330254,1,630.0305061343445,Fire + Gas Leakage
28.4590706435785,0,290.5083197982072,Normal
25.259884060903985,0,657.2392998990364,Gas Leakage
70.93133201240357,1,732.2440479867886,Fire + Gas Leakage
39.11564827889386,0,231.61946213825277,Normal
93.74812358204562,1,796.5897509520869,Fire + Gas Leakage
77.88211812008001,1,679.8436450274448,Fire + Gas Leakage
28.85696110244243,0,185.70868075472112,Normal
37.285641993553526,0,834.812741951285,Gas Leakage
47.90763904633606,0,981.0555445269197,Gas Leakage
83.84058288186415,1,359.4689836017913,Fire
70.29332962490567,1,622.9628425117743,Fire + Gas Leakage
25.549512445411786,0,226.86328471822384,Normal
44.077469178271016,0,779.7167006050776,Gas Leakage
97.91947317853608,1,657.6998412609398,Fire + Gas Leakage
39.132610392748994,0,235.27011367886914,Normal
25.348672417495628,0,76.60734914637783,Normal
20.758306433530418,0,939.6285854574617,Gas Leakage
27.351317851691604,0,990.0893921947772,Gas Leakage
99.41175253906216,1,159.83721861439724,Fire
21.527788393401522,0,145.47721905725894,Normal
68.87831906111968,1,911.1072497001527,Fire + Gas Leakage
65.91866627121712,1,348.8484636613782,Fire
77.30686779977219,1,126.08763067297525,Fire
39.04168468265143,0,929.3147149566566,Gas Leakage
31.232732806907627,0,687.9211411855158,Gas Leakage
22.145590241222383,0,805.6694548282987,Gas Leakage
30.84912921048384,0,164.09608493625916,Normal
67.139254558821,1,228.3326240472509,Fire
73.49256266761512,1,189.65511525599106,Fire
37.94034793732772,0,269.1252567388234,Normal
73.97880852380938,1,218.8248639992968,Fire
29.99932939260725,0,81.22921182613797,Normal
31.960907775681783,0,192.77486329418863,Normal
91.71951269396388,1,204.44096535410665,Fire
27.74294415984894,0,228.7019671744186,Normal
90.06635383073791,1,399.665444432226,Fire
91.32639596832794,1,801.7573881102081,Fire + Gas Leakage
67.64221871146164,1,139.51887008269705,Fire
84.56468505810628,1,875.4347861575966,Fire + Gas Leakage
31.566524871011843,0,102.85335143997511,Normal
89.78412179576736,1,326.7695847853511,Fire
66.53551462925232,1,356.2470262972413,Fire
60.67418723453707,1,226.4995173016041,Fire
83.27934178005444,1,927.2730194650824,Fire + Gas Leakage
37.101606195980494,0,813.715135476127,Gas Leakage
39.39736927000719,0,714.3107509050793,Gas Leakage
38.9783202963974,0,290.30060251373965,Normal
39.61872693868995,0,845.982437211777,Gas Leakage
21.59351161311704,0,987.2256578939057,Gas Leakage
64.31839875206443,1,384.2325810049791,Fire
62.85405625807204,1,844.985539896118,Fire + Gas Leakage
31.874017223811116,0,298.89218717460574,Normal
26.058267095155635,0,175.1663349173493,Normal
74.19050116157372,1,291.92018387369205,Fire
61.11753721689524,1,232.37711826500563,Fire
33.22170367859502,0,830.577586504255,Gas Leakage
90.73734138559914,1,285.97036964213123,Fire
74.80267253605979,1,256.8895495989465,Fire
69.2815812525664,1,911.7432928837646,Fire + Gas Leakage
90.02310294386207,1,206.6000831388652,Fire
83.32674232769868,1,800.1356687775776,Fire + Gas Leakage
24.4866441384799,0,147.62896439509524,Normal
37.278458780453995,0,227.1749469881759,Normal
22.3029993304692,0,912.6194862172725,Gas Leakage
45.12704576832449,0,874.1201236841875,Gas Leakage
97.81432906995708,1,777.6757717261618,Fire + Gas Leakage
85.80989927004276,1,358.38066838471104,Fire
64.42887898509636,1,243.73158762532637,Fire
63.12112170012899,1,915.4513367177601,Fire + Gas Leakage
36.217615128576156,0,222.10446886284223,Normal
31.57849002000051,0,604.3726226603169,Gas Leakage
95.75166392163199,1,55.058856596699506,Fire
75.2797332196673,1,780.098568176877,Fire + Gas Leakage
97.7252630550586,1,686.7661377178104,Fire + Gas Leakage
80.9994936298975,1,305.5913096990312,Fire
29.233484337009443,0,291.2808349449117,Normal
23.249572043391296,0,137.91171377160018,Normal
20.35843375842873,0,147.8132977840924,Normal
71.9436384199544,1,738.7550319925833,Fire + Gas Leakage
63.928583470988784,1,984.4609989295132,Fire + Gas Leakage
74.05616608865753,1,867.479685047033,Fire + Gas Leakage
75.52555372744168,1,715.687971797785,Fire + Gas Leakage
89.80664311087651,1,337.5937244666699,Fire
84.09983761553443,1,610.3296750517424,Fire + Gas Leakage
45.98244261033319,0,996.6795340159467,Gas Leakage
24.931068565250634,0,100.78740627025988,Normal
32.05830715535236,0,275.16819170617504,Normal
38.76237300835921,0,824.7141577643748,Gas Leakage
39.693423166557096,0,773.3273077089183,Gas Leakage
39.718450891358536,0,178.48853592233868,Normal
79.30562751372645,1,961.3445806331886,Fire + Gas Leakage
38.42300081159811,0,855.1455173044367,Gas Leakage
75.96962442561123,1,813.9043778603484,Fire + Gas Leakage
77.94177839350957,1,108.01645497519536,Fire
62.26234134491086,1,956.7766046806419,Fire + Gas Leakage
69.3499372970864,1,171.29014127128804,Fire
62.14257935933388,1,942.5500793404406,Fire + Gas Leakage
36.820980557739446,0,912.5467018477868,Gas Leakage
89.6465528631316,1,992.3777129366235,Fire + Gas Leakage
76.52300037760637,1,675.289267461294,Fire + Gas Leakage
61.26190240957707,1,218.24504004166826,Fire
93.68553788218213,1,789.5073585309997,Fire + Gas Leakage
